,obj,status,move_cost,reward,reward1,reward2,reward3,reward4,batch,pomo
0,1188.8966,0,247.0,1188.8966,33.0,908.8966064453125,0.0,0.0,0,0
1,1188.8966,0,247.0,1188.8966,33.0,908.8966064453125,0.0,0.0,0,1
2,1188.8966,0,247.0,1188.8966,33.0,908.8966064453125,0.0,0.0,0,2
3,1188.8966,0,247.0,1188.8966,33.0,908.8966064453125,0.0,0.0,0,3
4,1188.8966,0,247.0,1188.8966,33.0,908.8966064453125,0.0,0.0,0,4
5,1188.8966,0,247.0,1188.8966,33.0,908.8966064453125,0.0,0.0,0,5
6,1188.8966,0,247.0,1188.8966,33.0,908.8966064453125,0.0,0.0,0,6
7,1188.8966,0,247.0,1188.8966,33.0,908.8966064453125,0.0,0.0,0,7
8,1188.8966,0,247.0,1188.8966,33.0,908.8966064453125,0.0,0.0,0,8
9,1188.8966,0,247.0,1188.8966,33.0,908.8966064453125,0.0,0.0,0,9
10,1166.8643,0,197.0,1166.8643,64.0,905.8643188476562,0.0,0.0,1,0
11,1166.8643,0,197.0,1166.8643,64.0,905.8643188476562,0.0,0.0,1,1
12,1166.8643,0,197.0,1166.8643,64.0,905.8643188476562,0.0,0.0,1,2
13,1166.8643,0,197.0,1166.8643,64.0,905.8643188476562,0.0,0.0,1,3
14,1166.8643,0,197.0,1166.8643,64.0,905.8643188476562,0.0,0.0,1,4
15,1166.8643,0,197.0,1166.8643,64.0,905.8643188476562,0.0,0.0,1,5
16,1166.8643,0,197.0,1166.8643,64.0,905.8643188476562,0.0,0.0,1,6
17,1166.8643,0,197.0,1166.8643,64.0,905.8643188476562,0.0,0.0,1,7
18,1166.8643,0,197.0,1166.8643,64.0,905.8643188476562,0.0,0.0,1,8
19,1166.8643,0,197.0,1166.8643,64.0,905.8643188476562,0.0,0.0,1,9
20,1034.7195,0,273.0,1034.7195,23.0,738.719482421875,0.0,0.0,2,0
21,1034.7195,0,273.0,1034.7195,23.0,738.719482421875,0.0,0.0,2,1
22,1034.7195,0,273.0,1034.7195,23.0,738.719482421875,0.0,0.0,2,2
23,1034.7195,0,273.0,1034.7195,23.0,738.719482421875,0.0,0.0,2,3
24,1034.7195,0,273.0,1034.7195,23.0,738.719482421875,0.0,0.0,2,4
25,1034.7195,0,273.0,1034.7195,23.0,738.719482421875,0.0,0.0,2,5
26,1034.7195,0,273.0,1034.7195,23.0,738.719482421875,0.0,0.0,2,6
27,1034.7195,0,273.0,1034.7195,23.0,738.719482421875,0.0,0.0,2,7
28,1034.7195,0,273.0,1034.7195,23.0,738.719482421875,0.0,0.0,2,8
29,1034.7195,0,273.0,1034.7195,23.0,738.719482421875,0.0,0.0,2,9
30,1106.4171,0,258.0,1106.4171,29.0,819.4171142578125,0.0,0.0,3,0
31,1106.4171,0,258.0,1106.4171,29.0,819.4171142578125,0.0,0.0,3,1
32,1106.4171,0,258.0,1106.4171,29.0,819.4171142578125,0.0,0.0,3,2
33,1106.4171,0,258.0,1106.4171,29.0,819.4171142578125,0.0,0.0,3,3
34,1106.4171,0,258.0,1106.4171,29.0,819.4171142578125,0.0,0.0,3,4
35,1106.4171,0,258.0,1106.4171,29.0,819.4171142578125,0.0,0.0,3,5
36,1106.4171,0,258.0,1106.4171,29.0,819.4171142578125,0.0,0.0,3,6
37,1106.4171,0,258.0,1106.4171,29.0,819.4171142578125,0.0,0.0,3,7
38,1106.4171,0,258.0,1106.4171,29.0,819.4171142578125,0.0,0.0,3,8
39,1106.4171,0,258.0,1106.4171,29.0,819.4171142578125,0.0,0.0,3,9
40,1023.1344,0,261.0,1023.1344,40.0,722.1343994140625,0.0,0.0,4,0
41,1023.1344,0,261.0,1023.1344,40.0,722.1343994140625,0.0,0.0,4,1
42,1023.1344,0,261.0,1023.1344,40.0,722.1343994140625,0.0,0.0,4,2
43,1023.1344,0,261.0,1023.1344,40.0,722.1343994140625,0.0,0.0,4,3
44,1023.1344,0,261.0,1023.1344,40.0,722.1343994140625,0.0,0.0,4,4
45,1023.1344,0,261.0,1023.1344,40.0,722.1343994140625,0.0,0.0,4,5
46,1023.1344,0,261.0,1023.1344,40.0,722.1343994140625,0.0,0.0,4,6
47,1023.1344,0,261.0,1023.1344,40.0,722.1343994140625,0.0,0.0,4,7
48,1023.1344,0,261.0,1023.1344,40.0,722.1343994140625,0.0,0.0,4,8
49,1023.1344,0,261.0,1023.1344,40.0,722.1343994140625,0.0,0.0,4,9
50,1129.9844,0,236.0,1129.9844,27.0,866.9844360351562,0.0,0.0,5,0
51,1129.9844,0,236.0,1129.9844,27.0,866.9844360351562,0.0,0.0,5,1
52,1129.9844,0,236.0,1129.9844,27.0,866.9844360351562,0.0,0.0,5,2
53,1129.9844,0,236.0,1129.9844,27.0,866.9844360351562,0.0,0.0,5,3
54,1129.9844,0,236.0,1129.9844,27.0,866.9844360351562,0.0,0.0,5,4
55,1129.9844,0,236.0,1129.9844,27.0,866.9844360351562,0.0,0.0,5,5
56,1129.9844,0,236.0,1129.9844,27.0,866.9844360351562,0.0,0.0,5,6
57,1129.9844,0,236.0,1129.9844,27.0,866.9844360351562,0.0,0.0,5,7
58,1129.9844,0,236.0,1129.9844,27.0,866.9844360351562,0.0,0.0,5,8
59,1129.9844,0,236.0,1129.9844,27.0,866.9844360351562,0.0,0.0,5,9
60,1091.7493,0,291.0,1091.7493,25.0,775.7493286132812,0.0,0.0,6,0
61,1091.7493,0,291.0,1091.7493,25.0,775.7493286132812,0.0,0.0,6,1
62,1091.7493,0,291.0,1091.7493,25.0,775.7493286132812,0.0,0.0,6,2
63,1091.7493,0,291.0,1091.7493,25.0,775.7493286132812,0.0,0.0,6,3
64,1091.7493,0,291.0,1091.7493,25.0,775.7493286132812,0.0,0.0,6,4
65,1091.7493,0,291.0,1091.7493,25.0,775.7493286132812,0.0,0.0,6,5
66,1091.7493,0,291.0,1091.7493,25.0,775.7493286132812,0.0,0.0,6,6
67,1091.7493,0,291.0,1091.7493,25.0,775.7493286132812,0.0,0.0,6,7
68,1091.7493,0,291.0,1091.7493,25.0,775.7493286132812,0.0,0.0,6,8
69,1091.7493,0,291.0,1091.7493,25.0,775.7493286132812,0.0,0.0,6,9
70,935.02277,0,240.0,935.02277,16.0,679.0227661132812,0.0,0.0,7,0
71,935.02277,0,240.0,935.02277,16.0,679.0227661132812,0.0,0.0,7,1
72,935.02277,0,240.0,935.02277,16.0,679.0227661132812,0.0,0.0,7,2
73,935.02277,0,240.0,935.02277,16.0,679.0227661132812,0.0,0.0,7,3
74,935.02277,0,240.0,935.02277,16.0,679.0227661132812,0.0,0.0,7,4
75,935.02277,0,240.0,935.02277,16.0,679.0227661132812,0.0,0.0,7,5
76,935.02277,0,240.0,935.02277,16.0,679.0227661132812,0.0,0.0,7,6
77,935.02277,0,240.0,935.02277,16.0,679.0227661132812,0.0,0.0,7,7
78,935.02277,0,240.0,935.02277,16.0,679.0227661132812,0.0,0.0,7,8
79,935.02277,0,240.0,935.02277,16.0,679.0227661132812,0.0,0.0,7,9
80,1046.8723,0,235.0,1046.8723,38.0,773.872314453125,0.0,0.0,8,0
81,1046.8723,0,235.0,1046.8723,38.0,773.872314453125,0.0,0.0,8,1
82,1046.8723,0,235.0,1046.8723,38.0,773.872314453125,0.0,0.0,8,2
83,1046.8723,0,235.0,1046.8723,38.0,773.872314453125,0.0,0.0,8,3
84,1046.8723,0,235.0,1046.8723,38.0,773.872314453125,0.0,0.0,8,4
85,1046.8723,0,235.0,1046.8723,38.0,773.872314453125,0.0,0.0,8,5
86,1046.8723,0,235.0,1046.8723,38.0,773.872314453125,0.0,0.0,8,6
87,1046.8723,0,235.0,1046.8723,38.0,773.872314453125,0.0,0.0,8,7
88,1046.8723,0,235.0,1046.8723,38.0,773.872314453125,0.0,0.0,8,8
89,1046.8723,0,235.0,1046.8723,38.0,773.872314453125,0.0,0.0,8,9
90,1041.7673,0,266.0,1041.7673,11.0,764.767333984375,0.0,0.0,9,0
91,1041.7673,0,266.0,1041.7673,11.0,764.767333984375,0.0,0.0,9,1
92,1041.7673,0,266.0,1041.7673,11.0,764.767333984375,0.0,0.0,9,2
93,1041.7673,0,266.0,1041.7673,11.0,764.767333984375,0.0,0.0,9,3
94,1041.7673,0,266.0,1041.7673,11.0,764.767333984375,0.0,0.0,9,4
95,1041.7673,0,266.0,1041.7673,11.0,764.767333984375,0.0,0.0,9,5
96,1041.7673,0,266.0,1041.7673,11.0,764.767333984375,0.0,0.0,9,6
97,1041.7673,0,266.0,1041.7673,11.0,764.767333984375,0.0,0.0,9,7
98,1041.7673,0,266.0,1041.7673,11.0,764.767333984375,0.0,0.0,9,8
99,1041.7673,0,266.0,1041.7673,11.0,764.767333984375,0.0,0.0,9,9
100,969.85254,0,227.0,969.85254,42.0,700.8525390625,0.0,0.0,10,0
101,969.85254,0,227.0,969.85254,42.0,700.8525390625,0.0,0.0,10,1
102,969.85254,0,227.0,969.85254,42.0,700.8525390625,0.0,0.0,10,2
103,969.85254,0,227.0,969.85254,42.0,700.8525390625,0.0,0.0,10,3
104,969.85254,0,227.0,969.85254,42.0,700.8525390625,0.0,0.0,10,4
105,969.85254,0,227.0,969.85254,42.0,700.8525390625,0.0,0.0,10,5
106,969.85254,0,227.0,969.85254,42.0,700.8525390625,0.0,0.0,10,6
107,969.85254,0,227.0,969.85254,42.0,700.8525390625,0.0,0.0,10,7
108,969.85254,0,227.0,969.85254,42.0,700.8525390625,0.0,0.0,10,8
109,969.85254,0,227.0,969.85254,42.0,700.8525390625,0.0,0.0,10,9
110,1006.6052,0,236.0,1006.6052,44.0,726.605224609375,0.0,0.0,11,0
111,1006.6052,0,236.0,1006.6052,44.0,726.605224609375,0.0,0.0,11,1
112,1006.6052,0,236.0,1006.6052,44.0,726.605224609375,0.0,0.0,11,2
113,1006.6052,0,236.0,1006.6052,44.0,726.605224609375,0.0,0.0,11,3
114,1006.6052,0,236.0,1006.6052,44.0,726.605224609375,0.0,0.0,11,4
115,1006.6052,0,236.0,1006.6052,44.0,726.605224609375,0.0,0.0,11,5
116,1006.6052,0,236.0,1006.6052,44.0,726.605224609375,0.0,0.0,11,6
117,1006.6052,0,236.0,1006.6052,44.0,726.605224609375,0.0,0.0,11,7
118,1006.6052,0,236.0,1006.6052,44.0,726.605224609375,0.0,0.0,11,8
119,1006.6052,0,236.0,1006.6052,44.0,726.605224609375,0.0,0.0,11,9
120,1158.9391,0,216.0,1158.9391,107.0,830.9390869140625,0.0,5.0,12,0
121,1158.9391,0,216.0,1158.9391,107.0,830.9390869140625,0.0,5.0,12,1
122,1158.9391,0,216.0,1158.9391,107.0,830.9390869140625,0.0,5.0,12,2
123,1158.9391,0,216.0,1158.9391,107.0,830.9390869140625,0.0,5.0,12,3
124,1158.9391,0,216.0,1158.9391,107.0,830.9390869140625,0.0,5.0,12,4
125,1158.9391,0,216.0,1158.9391,107.0,830.9390869140625,0.0,5.0,12,5
126,1158.9391,0,216.0,1158.9391,107.0,830.9390869140625,0.0,5.0,12,6
127,1158.9391,0,216.0,1158.9391,107.0,830.9390869140625,0.0,5.0,12,7
128,1158.9391,0,216.0,1158.9391,107.0,830.9390869140625,0.0,5.0,12,8
129,1158.9391,0,216.0,1158.9391,107.0,830.9390869140625,0.0,5.0,12,9
130,1054.3822,0,291.0,1054.3822,17.0,746.3822021484375,0.0,0.0,13,0
131,1054.3822,0,291.0,1054.3822,17.0,746.3822021484375,0.0,0.0,13,1
132,1054.3822,0,291.0,1054.3822,17.0,746.3822021484375,0.0,0.0,13,2
133,1054.3822,0,291.0,1054.3822,17.0,746.3822021484375,0.0,0.0,13,3
134,1054.3822,0,291.0,1054.3822,17.0,746.3822021484375,0.0,0.0,13,4
135,1054.3822,0,291.0,1054.3822,17.0,746.3822021484375,0.0,0.0,13,5
136,1054.3822,0,291.0,1054.3822,17.0,746.3822021484375,0.0,0.0,13,6
137,1054.3822,0,291.0,1054.3822,17.0,746.3822021484375,0.0,0.0,13,7
138,1054.3822,0,291.0,1054.3822,17.0,746.3822021484375,0.0,0.0,13,8
139,1054.3822,0,291.0,1054.3822,17.0,746.3822021484375,0.0,0.0,13,9
140,1135.82,0,274.0,1135.82,40.0,821.8199462890625,0.0,0.0,14,0
141,1135.82,0,274.0,1135.82,40.0,821.8199462890625,0.0,0.0,14,1
142,1135.82,0,274.0,1135.82,40.0,821.8199462890625,0.0,0.0,14,2
143,1135.82,0,274.0,1135.82,40.0,821.8199462890625,0.0,0.0,14,3
144,1135.82,0,274.0,1135.82,40.0,821.8199462890625,0.0,0.0,14,4
145,1135.82,0,274.0,1135.82,40.0,821.8199462890625,0.0,0.0,14,5
146,1135.82,0,274.0,1135.82,40.0,821.8199462890625,0.0,0.0,14,6
147,1135.82,0,274.0,1135.82,40.0,821.8199462890625,0.0,0.0,14,7
148,1135.82,0,274.0,1135.82,40.0,821.8199462890625,0.0,0.0,14,8
149,1135.82,0,274.0,1135.82,40.0,821.8199462890625,0.0,0.0,14,9
150,1169.7122,0,265.0,1169.7122,40.0,864.7122192382812,0.0,0.0,15,0
151,1169.7122,0,265.0,1169.7122,40.0,864.7122192382812,0.0,0.0,15,1
152,1169.7122,0,265.0,1169.7122,40.0,864.7122192382812,0.0,0.0,15,2
153,1169.7122,0,265.0,1169.7122,40.0,864.7122192382812,0.0,0.0,15,3
154,1169.7122,0,265.0,1169.7122,40.0,864.7122192382812,0.0,0.0,15,4
155,1169.7122,0,265.0,1169.7122,40.0,864.7122192382812,0.0,0.0,15,5
156,1169.7122,0,265.0,1169.7122,40.0,864.7122192382812,0.0,0.0,15,6
157,1169.7122,0,265.0,1169.7122,40.0,864.7122192382812,0.0,0.0,15,7
158,1169.7122,0,265.0,1169.7122,40.0,864.7122192382812,0.0,0.0,15,8
159,1169.7122,0,265.0,1169.7122,40.0,864.7122192382812,0.0,0.0,15,9
160,1055.8368,0,252.0,1055.8368,36.0,767.8367919921875,0.0,0.0,16,0
161,1055.8368,0,252.0,1055.8368,36.0,767.8367919921875,0.0,0.0,16,1
162,1055.8368,0,252.0,1055.8368,36.0,767.8367919921875,0.0,0.0,16,2
163,1055.8368,0,252.0,1055.8368,36.0,767.8367919921875,0.0,0.0,16,3
164,1055.8368,0,252.0,1055.8368,36.0,767.8367919921875,0.0,0.0,16,4
165,1055.8368,0,252.0,1055.8368,36.0,767.8367919921875,0.0,0.0,16,5
166,1055.8368,0,252.0,1055.8368,36.0,767.8367919921875,0.0,0.0,16,6
167,1055.8368,0,252.0,1055.8368,36.0,767.8367919921875,0.0,0.0,16,7
168,1055.8368,0,252.0,1055.8368,36.0,767.8367919921875,0.0,0.0,16,8
169,1055.8368,0,252.0,1055.8368,36.0,767.8367919921875,0.0,0.0,16,9
170,1086.9314,0,292.0,1086.9314,21.0,773.931396484375,0.0,0.0,17,0
171,1086.9314,0,292.0,1086.9314,21.0,773.931396484375,0.0,0.0,17,1
172,1086.9314,0,292.0,1086.9314,21.0,773.931396484375,0.0,0.0,17,2
173,1086.9314,0,292.0,1086.9314,21.0,773.931396484375,0.0,0.0,17,3
174,1086.9314,0,292.0,1086.9314,21.0,773.931396484375,0.0,0.0,17,4
175,1086.9314,0,292.0,1086.9314,21.0,773.931396484375,0.0,0.0,17,5
176,1086.9314,0,292.0,1086.9314,21.0,773.931396484375,0.0,0.0,17,6
177,1086.9314,0,292.0,1086.9314,21.0,773.931396484375,0.0,0.0,17,7
178,1086.9314,0,292.0,1086.9314,21.0,773.931396484375,0.0,0.0,17,8
179,1086.9314,0,292.0,1086.9314,21.0,773.931396484375,0.0,0.0,17,9
180,985.40125,0,226.0,985.40125,19.0,740.4012451171875,0.0,0.0,18,0
181,985.40125,0,226.0,985.40125,19.0,740.4012451171875,0.0,0.0,18,1
182,985.40125,0,226.0,985.40125,19.0,740.4012451171875,0.0,0.0,18,2
183,985.40125,0,226.0,985.40125,19.0,740.4012451171875,0.0,0.0,18,3
184,985.40125,0,226.0,985.40125,19.0,740.4012451171875,0.0,0.0,18,4
185,985.40125,0,226.0,985.40125,19.0,740.4012451171875,0.0,0.0,18,5
186,985.40125,0,226.0,985.40125,19.0,740.4012451171875,0.0,0.0,18,6
187,985.40125,0,226.0,985.40125,19.0,740.4012451171875,0.0,0.0,18,7
188,985.40125,0,226.0,985.40125,19.0,740.4012451171875,0.0,0.0,18,8
189,985.40125,0,226.0,985.40125,19.0,740.4012451171875,0.0,0.0,18,9
190,1083.1669,0,239.0,1083.1669,40.0,804.1668701171875,0.0,0.0,19,0
191,1083.1669,0,239.0,1083.1669,40.0,804.1668701171875,0.0,0.0,19,1
192,1083.1669,0,239.0,1083.1669,40.0,804.1668701171875,0.0,0.0,19,2
193,1083.1669,0,239.0,1083.1669,40.0,804.1668701171875,0.0,0.0,19,3
194,1083.1669,0,239.0,1083.1669,40.0,804.1668701171875,0.0,0.0,19,4
195,1083.1669,0,239.0,1083.1669,40.0,804.1668701171875,0.0,0.0,19,5
196,1083.1669,0,239.0,1083.1669,40.0,804.1668701171875,0.0,0.0,19,6
197,1083.1669,0,239.0,1083.1669,40.0,804.1668701171875,0.0,0.0,19,7
198,1083.1669,0,239.0,1083.1669,40.0,804.1668701171875,0.0,0.0,19,8
199,1083.1669,0,239.0,1083.1669,40.0,804.1668701171875,0.0,0.0,19,9
200,1068.3547,0,241.0,1068.3547,34.0,793.3546752929688,0.0,0.0,20,0
201,1068.3547,0,241.0,1068.3547,34.0,793.3546752929688,0.0,0.0,20,1
202,1068.3547,0,241.0,1068.3547,34.0,793.3546752929688,0.0,0.0,20,2
203,1068.3547,0,241.0,1068.3547,34.0,793.3546752929688,0.0,0.0,20,3
204,1068.3547,0,241.0,1068.3547,34.0,793.3546752929688,0.0,0.0,20,4
205,1068.3547,0,241.0,1068.3547,34.0,793.3546752929688,0.0,0.0,20,5
206,1068.3547,0,241.0,1068.3547,34.0,793.3546752929688,0.0,0.0,20,6
207,1068.3547,0,241.0,1068.3547,34.0,793.3546752929688,0.0,0.0,20,7
208,1068.3547,0,241.0,1068.3547,34.0,793.3546752929688,0.0,0.0,20,8
209,1068.3547,0,241.0,1068.3547,34.0,793.3546752929688,0.0,0.0,20,9
210,1084.7256,0,250.0,1084.7256,56.0,778.7255249023438,0.0,0.0,21,0
211,1084.7256,0,250.0,1084.7256,56.0,778.7255249023438,0.0,0.0,21,1
212,1084.7256,0,250.0,1084.7256,56.0,778.7255249023438,0.0,0.0,21,2
213,1084.7256,0,250.0,1084.7256,56.0,778.7255249023438,0.0,0.0,21,3
214,1084.7256,0,250.0,1084.7256,56.0,778.7255249023438,0.0,0.0,21,4
215,1084.7256,0,250.0,1084.7256,56.0,778.7255249023438,0.0,0.0,21,5
216,1084.7256,0,250.0,1084.7256,56.0,778.7255249023438,0.0,0.0,21,6
217,1084.7256,0,250.0,1084.7256,56.0,778.7255249023438,0.0,0.0,21,7
218,1084.7256,0,250.0,1084.7256,56.0,778.7255249023438,0.0,0.0,21,8
219,1084.7256,0,250.0,1084.7256,56.0,778.7255249023438,0.0,0.0,21,9
220,1143.3121,0,276.0,1143.3121,25.0,842.3121337890625,0.0,0.0,22,0
221,1143.3121,0,276.0,1143.3121,25.0,842.3121337890625,0.0,0.0,22,1
222,1143.3121,0,276.0,1143.3121,25.0,842.3121337890625,0.0,0.0,22,2
223,1143.3121,0,276.0,1143.3121,25.0,842.3121337890625,0.0,0.0,22,3
224,1143.3121,0,276.0,1143.3121,25.0,842.3121337890625,0.0,0.0,22,4
225,1143.3121,0,276.0,1143.3121,25.0,842.3121337890625,0.0,0.0,22,5
226,1143.3121,0,276.0,1143.3121,25.0,842.3121337890625,0.0,0.0,22,6
227,1143.3121,0,276.0,1143.3121,25.0,842.3121337890625,0.0,0.0,22,7
228,1143.3121,0,276.0,1143.3121,25.0,842.3121337890625,0.0,0.0,22,8
229,1143.3121,0,276.0,1143.3121,25.0,842.3121337890625,0.0,0.0,22,9
230,1140.3723,0,235.0,1140.3723,52.0,853.3723754882812,0.0,0.0,23,0
231,1140.3723,0,235.0,1140.3723,52.0,853.3723754882812,0.0,0.0,23,1
232,1140.3723,0,235.0,1140.3723,52.0,853.3723754882812,0.0,0.0,23,2
233,1140.3723,0,235.0,1140.3723,52.0,853.3723754882812,0.0,0.0,23,3
234,1140.3723,0,235.0,1140.3723,52.0,853.3723754882812,0.0,0.0,23,4
235,1140.3723,0,235.0,1140.3723,52.0,853.3723754882812,0.0,0.0,23,5
236,1140.3723,0,235.0,1140.3723,52.0,853.3723754882812,0.0,0.0,23,6
237,1140.3723,0,235.0,1140.3723,52.0,853.3723754882812,0.0,0.0,23,7
238,1140.3723,0,235.0,1140.3723,52.0,853.3723754882812,0.0,0.0,23,8
239,1140.3723,0,235.0,1140.3723,52.0,853.3723754882812,0.0,0.0,23,9
240,1057.9376,0,239.0,1057.9376,25.0,793.9376220703125,0.0,0.0,24,0
241,1057.9376,0,239.0,1057.9376,25.0,793.9376220703125,0.0,0.0,24,1
242,1057.9376,0,239.0,1057.9376,25.0,793.9376220703125,0.0,0.0,24,2
243,1057.9376,0,239.0,1057.9376,25.0,793.9376220703125,0.0,0.0,24,3
244,1057.9376,0,239.0,1057.9376,25.0,793.9376220703125,0.0,0.0,24,4
245,1057.9376,0,239.0,1057.9376,25.0,793.9376220703125,0.0,0.0,24,5
246,1057.9376,0,239.0,1057.9376,25.0,793.9376220703125,0.0,0.0,24,6
247,1057.9376,0,239.0,1057.9376,25.0,793.9376220703125,0.0,0.0,24,7
248,1057.9376,0,239.0,1057.9376,25.0,793.9376220703125,0.0,0.0,24,8
249,1057.9376,0,239.0,1057.9376,25.0,793.9376220703125,0.0,0.0,24,9
250,1116.7234,0,289.0,1116.7234,25.0,802.723388671875,0.0,0.0,25,0
251,1116.7234,0,289.0,1116.7234,25.0,802.723388671875,0.0,0.0,25,1
252,1116.7234,0,289.0,1116.7234,25.0,802.723388671875,0.0,0.0,25,2
253,1116.7234,0,289.0,1116.7234,25.0,802.723388671875,0.0,0.0,25,3
254,1116.7234,0,289.0,1116.7234,25.0,802.723388671875,0.0,0.0,25,4
255,1116.7234,0,289.0,1116.7234,25.0,802.723388671875,0.0,0.0,25,5
256,1116.7234,0,289.0,1116.7234,25.0,802.723388671875,0.0,0.0,25,6
257,1116.7234,0,289.0,1116.7234,25.0,802.723388671875,0.0,0.0,25,7
258,1116.7234,0,289.0,1116.7234,25.0,802.723388671875,0.0,0.0,25,8
259,1116.7234,0,289.0,1116.7234,25.0,802.723388671875,0.0,0.0,25,9
260,1215.8861,0,293.0,1215.8861,49.0,873.8861083984375,0.0,0.0,26,0
261,1215.8861,0,293.0,1215.8861,49.0,873.8861083984375,0.0,0.0,26,1
262,1215.8861,0,293.0,1215.8861,49.0,873.8861083984375,0.0,0.0,26,2
263,1215.8861,0,293.0,1215.8861,49.0,873.8861083984375,0.0,0.0,26,3
264,1215.8861,0,293.0,1215.8861,49.0,873.8861083984375,0.0,0.0,26,4
265,1215.8861,0,293.0,1215.8861,49.0,873.8861083984375,0.0,0.0,26,5
266,1215.8861,0,293.0,1215.8861,49.0,873.8861083984375,0.0,0.0,26,6
267,1215.8861,0,293.0,1215.8861,49.0,873.8861083984375,0.0,0.0,26,7
268,1215.8861,0,293.0,1215.8861,49.0,873.8861083984375,0.0,0.0,26,8
269,1215.8861,0,293.0,1215.8861,49.0,873.8861083984375,0.0,0.0,26,9
270,1087.5024,0,206.0,1087.5024,83.0,725.5025024414062,0.0,73.0,27,0
271,1087.5024,0,206.0,1087.5024,83.0,725.5025024414062,0.0,73.0,27,1
272,1087.5024,0,206.0,1087.5024,83.0,725.5025024414062,0.0,73.0,27,2
273,1087.5024,0,206.0,1087.5024,83.0,725.5025024414062,0.0,73.0,27,3
274,1087.5024,0,206.0,1087.5024,83.0,725.5025024414062,0.0,73.0,27,4
275,1087.5024,0,206.0,1087.5024,83.0,725.5025024414062,0.0,73.0,27,5
276,1087.5024,0,206.0,1087.5024,83.0,725.5025024414062,0.0,73.0,27,6
277,1087.5024,0,206.0,1087.5024,83.0,725.5025024414062,0.0,73.0,27,7
278,1087.5024,0,206.0,1087.5024,83.0,725.5025024414062,0.0,73.0,27,8
279,1087.5024,0,206.0,1087.5024,83.0,725.5025024414062,0.0,73.0,27,9
280,1159.5431,0,208.0,1159.5431,70.0,881.5430908203125,0.0,0.0,28,0
281,1159.5431,0,208.0,1159.5431,70.0,881.5430908203125,0.0,0.0,28,1
282,1159.5431,0,208.0,1159.5431,70.0,881.5430908203125,0.0,0.0,28,2
283,1159.5431,0,208.0,1159.5431,70.0,881.5430908203125,0.0,0.0,28,3
284,1159.5431,0,208.0,1159.5431,70.0,881.5430908203125,0.0,0.0,28,4
285,1159.5431,0,208.0,1159.5431,70.0,881.5430908203125,0.0,0.0,28,5
286,1159.5431,0,208.0,1159.5431,70.0,881.5430908203125,0.0,0.0,28,6
287,1159.5431,0,208.0,1159.5431,70.0,881.5430908203125,0.0,0.0,28,7
288,1159.5431,0,208.0,1159.5431,70.0,881.5430908203125,0.0,0.0,28,8
289,1159.5431,0,208.0,1159.5431,70.0,881.5430908203125,0.0,0.0,28,9
290,1249.3168,0,227.0,1249.3168,91.0,931.3167724609375,0.0,0.0,29,0
291,1249.3168,0,227.0,1249.3168,91.0,931.3167724609375,0.0,0.0,29,1
292,1249.3168,0,227.0,1249.3168,91.0,931.3167724609375,0.0,0.0,29,2
293,1249.3168,0,227.0,1249.3168,91.0,931.3167724609375,0.0,0.0,29,3
294,1249.3168,0,227.0,1249.3168,91.0,931.3167724609375,0.0,0.0,29,4
295,1249.3168,0,227.0,1249.3168,91.0,931.3167724609375,0.0,0.0,29,5
296,1249.3168,0,227.0,1249.3168,91.0,931.3167724609375,0.0,0.0,29,6
297,1249.3168,0,227.0,1249.3168,91.0,931.3167724609375,0.0,0.0,29,7
298,1249.3168,0,227.0,1249.3168,91.0,931.3167724609375,0.0,0.0,29,8
299,1249.3168,0,227.0,1249.3168,91.0,931.3167724609375,0.0,0.0,29,9
300,1064.6152,0,257.0,1064.6152,12.0,795.6152954101562,0.0,0.0,30,0
301,1064.6152,0,257.0,1064.6152,12.0,795.6152954101562,0.0,0.0,30,1
302,1064.6152,0,257.0,1064.6152,12.0,795.6152954101562,0.0,0.0,30,2
303,1064.6152,0,257.0,1064.6152,12.0,795.6152954101562,0.0,0.0,30,3
304,1064.6152,0,257.0,1064.6152,12.0,795.6152954101562,0.0,0.0,30,4
305,1064.6152,0,257.0,1064.6152,12.0,795.6152954101562,0.0,0.0,30,5
306,1064.6152,0,257.0,1064.6152,12.0,795.6152954101562,0.0,0.0,30,6
307,1064.6152,0,257.0,1064.6152,12.0,795.6152954101562,0.0,0.0,30,7
308,1064.6152,0,257.0,1064.6152,12.0,795.6152954101562,0.0,0.0,30,8
309,1064.6152,0,257.0,1064.6152,12.0,795.6152954101562,0.0,0.0,30,9
310,1106.044,0,266.0,1106.044,40.0,800.0438842773438,0.0,0.0,31,0
311,1106.044,0,266.0,1106.044,40.0,800.0438842773438,0.0,0.0,31,1
312,1106.044,0,266.0,1106.044,40.0,800.0438842773438,0.0,0.0,31,2
313,1106.044,0,266.0,1106.044,40.0,800.0438842773438,0.0,0.0,31,3
314,1106.044,0,266.0,1106.044,40.0,800.0438842773438,0.0,0.0,31,4
315,1106.044,0,266.0,1106.044,40.0,800.0438842773438,0.0,0.0,31,5
316,1106.044,0,266.0,1106.044,40.0,800.0438842773438,0.0,0.0,31,6
317,1106.044,0,266.0,1106.044,40.0,800.0438842773438,0.0,0.0,31,7
318,1106.044,0,266.0,1106.044,40.0,800.0438842773438,0.0,0.0,31,8
319,1106.044,0,266.0,1106.044,40.0,800.0438842773438,0.0,0.0,31,9
320,1181.0051,0,210.0,1181.0051,69.0,902.0051879882812,0.0,0.0,32,0
321,1181.0051,0,210.0,1181.0051,69.0,902.0051879882812,0.0,0.0,32,1
322,1181.0051,0,210.0,1181.0051,69.0,902.0051879882812,0.0,0.0,32,2
323,1181.0051,0,210.0,1181.0051,69.0,902.0051879882812,0.0,0.0,32,3
324,1181.0051,0,210.0,1181.0051,69.0,902.0051879882812,0.0,0.0,32,4
325,1181.0051,0,210.0,1181.0051,69.0,902.0051879882812,0.0,0.0,32,5
326,1181.0051,0,210.0,1181.0051,69.0,902.0051879882812,0.0,0.0,32,6
327,1181.0051,0,210.0,1181.0051,69.0,902.0051879882812,0.0,0.0,32,7
328,1181.0051,0,210.0,1181.0051,69.0,902.0051879882812,0.0,0.0,32,8
329,1181.0051,0,210.0,1181.0051,69.0,902.0051879882812,0.0,0.0,32,9
330,1144.6547,0,243.0,1144.6547,33.0,868.6546630859375,0.0,0.0,33,0
331,1144.6547,0,243.0,1144.6547,33.0,868.6546630859375,0.0,0.0,33,1
332,1144.6547,0,243.0,1144.6547,33.0,868.6546630859375,0.0,0.0,33,2
333,1144.6547,0,243.0,1144.6547,33.0,868.6546630859375,0.0,0.0,33,3
334,1144.6547,0,243.0,1144.6547,33.0,868.6546630859375,0.0,0.0,33,4
335,1144.6547,0,243.0,1144.6547,33.0,868.6546630859375,0.0,0.0,33,5
336,1144.6547,0,243.0,1144.6547,33.0,868.6546630859375,0.0,0.0,33,6
337,1144.6547,0,243.0,1144.6547,33.0,868.6546630859375,0.0,0.0,33,7
338,1144.6547,0,243.0,1144.6547,33.0,868.6546630859375,0.0,0.0,33,8
339,1144.6547,0,243.0,1144.6547,33.0,868.6546630859375,0.0,0.0,33,9
340,996.18854,0,279.0,996.18854,9.0,708.1885375976562,0.0,0.0,34,0
341,996.18854,0,279.0,996.18854,9.0,708.1885375976562,0.0,0.0,34,1
342,996.18854,0,279.0,996.18854,9.0,708.1885375976562,0.0,0.0,34,2
343,996.18854,0,279.0,996.18854,9.0,708.1885375976562,0.0,0.0,34,3
344,996.18854,0,279.0,996.18854,9.0,708.1885375976562,0.0,0.0,34,4
345,996.18854,0,279.0,996.18854,9.0,708.1885375976562,0.0,0.0,34,5
346,996.18854,0,279.0,996.18854,9.0,708.1885375976562,0.0,0.0,34,6
347,996.18854,0,279.0,996.18854,9.0,708.1885375976562,0.0,0.0,34,7
348,996.18854,0,279.0,996.18854,9.0,708.1885375976562,0.0,0.0,34,8
349,996.18854,0,279.0,996.18854,9.0,708.1885375976562,0.0,0.0,34,9
350,1135.6694,0,243.0,1135.6694,46.0,846.6693725585938,0.0,0.0,35,0
351,1135.6694,0,243.0,1135.6694,46.0,846.6693725585938,0.0,0.0,35,1
352,1135.6694,0,243.0,1135.6694,46.0,846.6693725585938,0.0,0.0,35,2
353,1135.6694,0,243.0,1135.6694,46.0,846.6693725585938,0.0,0.0,35,3
354,1135.6694,0,243.0,1135.6694,46.0,846.6693725585938,0.0,0.0,35,4
355,1135.6694,0,243.0,1135.6694,46.0,846.6693725585938,0.0,0.0,35,5
356,1135.6694,0,243.0,1135.6694,46.0,846.6693725585938,0.0,0.0,35,6
357,1135.6694,0,243.0,1135.6694,46.0,846.6693725585938,0.0,0.0,35,7
358,1135.6694,0,243.0,1135.6694,46.0,846.6693725585938,0.0,0.0,35,8
359,1135.6694,0,243.0,1135.6694,46.0,846.6693725585938,0.0,0.0,35,9
360,1081.4758,0,256.0,1081.4758,36.0,789.4758911132812,0.0,0.0,36,0
361,1081.4758,0,256.0,1081.4758,36.0,789.4758911132812,0.0,0.0,36,1
362,1081.4758,0,256.0,1081.4758,36.0,789.4758911132812,0.0,0.0,36,2
363,1081.4758,0,256.0,1081.4758,36.0,789.4758911132812,0.0,0.0,36,3
364,1081.4758,0,256.0,1081.4758,36.0,789.4758911132812,0.0,0.0,36,4
365,1081.4758,0,256.0,1081.4758,36.0,789.4758911132812,0.0,0.0,36,5
366,1081.4758,0,256.0,1081.4758,36.0,789.4758911132812,0.0,0.0,36,6
367,1081.4758,0,256.0,1081.4758,36.0,789.4758911132812,0.0,0.0,36,7
368,1081.4758,0,256.0,1081.4758,36.0,789.4758911132812,0.0,0.0,36,8
369,1081.4758,0,256.0,1081.4758,36.0,789.4758911132812,0.0,0.0,36,9
370,1202.4456,0,233.0,1202.4456,85.0,884.4454956054688,0.0,0.0,37,0
371,1202.4456,0,233.0,1202.4456,85.0,884.4454956054688,0.0,0.0,37,1
372,1202.4456,0,233.0,1202.4456,85.0,884.4454956054688,0.0,0.0,37,2
373,1202.4456,0,233.0,1202.4456,85.0,884.4454956054688,0.0,0.0,37,3
374,1202.4456,0,233.0,1202.4456,85.0,884.4454956054688,0.0,0.0,37,4
375,1202.4456,0,233.0,1202.4456,85.0,884.4454956054688,0.0,0.0,37,5
376,1202.4456,0,233.0,1202.4456,85.0,884.4454956054688,0.0,0.0,37,6
377,1202.4456,0,233.0,1202.4456,85.0,884.4454956054688,0.0,0.0,37,7
378,1202.4456,0,233.0,1202.4456,85.0,884.4454956054688,0.0,0.0,37,8
379,1202.4456,0,233.0,1202.4456,85.0,884.4454956054688,0.0,0.0,37,9
380,1091.7407,0,245.0,1091.7407,31.0,815.7407836914062,0.0,0.0,38,0
381,1091.7407,0,245.0,1091.7407,31.0,815.7407836914062,0.0,0.0,38,1
382,1091.7407,0,245.0,1091.7407,31.0,815.7407836914062,0.0,0.0,38,2
383,1091.7407,0,245.0,1091.7407,31.0,815.7407836914062,0.0,0.0,38,3
384,1091.7407,0,245.0,1091.7407,31.0,815.7407836914062,0.0,0.0,38,4
385,1091.7407,0,245.0,1091.7407,31.0,815.7407836914062,0.0,0.0,38,5
386,1091.7407,0,245.0,1091.7407,31.0,815.7407836914062,0.0,0.0,38,6
387,1091.7407,0,245.0,1091.7407,31.0,815.7407836914062,0.0,0.0,38,7
388,1091.7407,0,245.0,1091.7407,31.0,815.7407836914062,0.0,0.0,38,8
389,1091.7407,0,245.0,1091.7407,31.0,815.7407836914062,0.0,0.0,38,9
390,1100.6204,0,221.0,1100.6204,67.0,807.6204223632812,0.0,5.0,39,0
391,1100.6204,0,221.0,1100.6204,67.0,807.6204223632812,0.0,5.0,39,1
392,1100.6204,0,221.0,1100.6204,67.0,807.6204223632812,0.0,5.0,39,2
393,1100.6204,0,221.0,1100.6204,67.0,807.6204223632812,0.0,5.0,39,3
394,1100.6204,0,221.0,1100.6204,67.0,807.6204223632812,0.0,5.0,39,4
395,1100.6204,0,221.0,1100.6204,67.0,807.6204223632812,0.0,5.0,39,5
396,1100.6204,0,221.0,1100.6204,67.0,807.6204223632812,0.0,5.0,39,6
397,1100.6204,0,221.0,1100.6204,67.0,807.6204223632812,0.0,5.0,39,7
398,1100.6204,0,221.0,1100.6204,67.0,807.6204223632812,0.0,5.0,39,8
399,1100.6204,0,221.0,1100.6204,67.0,807.6204223632812,0.0,5.0,39,9
400,1187.0779,0,247.0,1187.0779,40.0,900.0779418945312,0.0,0.0,40,0
401,1187.0779,0,247.0,1187.0779,40.0,900.0779418945312,0.0,0.0,40,1
402,1187.0779,0,247.0,1187.0779,40.0,900.0779418945312,0.0,0.0,40,2
403,1187.0779,0,247.0,1187.0779,40.0,900.0779418945312,0.0,0.0,40,3
404,1187.0779,0,247.0,1187.0779,40.0,900.0779418945312,0.0,0.0,40,4
405,1187.0779,0,247.0,1187.0779,40.0,900.0779418945312,0.0,0.0,40,5
406,1187.0779,0,247.0,1187.0779,40.0,900.0779418945312,0.0,0.0,40,6
407,1187.0779,0,247.0,1187.0779,40.0,900.0779418945312,0.0,0.0,40,7
408,1187.0779,0,247.0,1187.0779,40.0,900.0779418945312,0.0,0.0,40,8
409,1187.0779,0,247.0,1187.0779,40.0,900.0779418945312,0.0,0.0,40,9
410,1041.2991,0,211.0,1041.2991,41.0,789.299072265625,0.0,0.0,41,0
411,1041.2991,0,211.0,1041.2991,41.0,789.299072265625,0.0,0.0,41,1
412,1041.2991,0,211.0,1041.2991,41.0,789.299072265625,0.0,0.0,41,2
413,1041.2991,0,211.0,1041.2991,41.0,789.299072265625,0.0,0.0,41,3
414,1041.2991,0,211.0,1041.2991,41.0,789.299072265625,0.0,0.0,41,4
415,1041.2991,0,211.0,1041.2991,41.0,789.299072265625,0.0,0.0,41,5
416,1041.2991,0,211.0,1041.2991,41.0,789.299072265625,0.0,0.0,41,6
417,1041.2991,0,211.0,1041.2991,41.0,789.299072265625,0.0,0.0,41,7
418,1041.2991,0,211.0,1041.2991,41.0,789.299072265625,0.0,0.0,41,8
419,1041.2991,0,211.0,1041.2991,41.0,789.299072265625,0.0,0.0,41,9
420,1078.7194,0,262.0,1078.7194,25.0,791.7193603515625,0.0,0.0,42,0
421,1078.7194,0,262.0,1078.7194,25.0,791.7193603515625,0.0,0.0,42,1
422,1078.7194,0,262.0,1078.7194,25.0,791.7193603515625,0.0,0.0,42,2
423,1078.7194,0,262.0,1078.7194,25.0,791.7193603515625,0.0,0.0,42,3
424,1078.7194,0,262.0,1078.7194,25.0,791.7193603515625,0.0,0.0,42,4
425,1078.7194,0,262.0,1078.7194,25.0,791.7193603515625,0.0,0.0,42,5
426,1078.7194,0,262.0,1078.7194,25.0,791.7193603515625,0.0,0.0,42,6
427,1078.7194,0,262.0,1078.7194,25.0,791.7193603515625,0.0,0.0,42,7
428,1078.7194,0,262.0,1078.7194,25.0,791.7193603515625,0.0,0.0,42,8
429,1078.7194,0,262.0,1078.7194,25.0,791.7193603515625,0.0,0.0,42,9
430,1044.1239,0,185.0,1044.1239,77.0,777.1239013671875,0.0,5.0,43,0
431,1044.1239,0,185.0,1044.1239,77.0,777.1239013671875,0.0,5.0,43,1
432,1044.1239,0,185.0,1044.1239,77.0,777.1239013671875,0.0,5.0,43,2
433,1044.1239,0,185.0,1044.1239,77.0,777.1239013671875,0.0,5.0,43,3
434,1044.1239,0,185.0,1044.1239,77.0,777.1239013671875,0.0,5.0,43,4
435,1044.1239,0,185.0,1044.1239,77.0,777.1239013671875,0.0,5.0,43,5
436,1044.1239,0,185.0,1044.1239,77.0,777.1239013671875,0.0,5.0,43,6
437,1044.1239,0,185.0,1044.1239,77.0,777.1239013671875,0.0,5.0,43,7
438,1044.1239,0,185.0,1044.1239,77.0,777.1239013671875,0.0,5.0,43,8
439,1044.1239,0,185.0,1044.1239,77.0,777.1239013671875,0.0,5.0,43,9
440,1049.7722,0,216.0,1049.7722,68.0,764.7721557617188,0.0,1.0,44,0
441,1049.7722,0,216.0,1049.7722,68.0,764.7721557617188,0.0,1.0,44,1
442,1049.7722,0,216.0,1049.7722,68.0,764.7721557617188,0.0,1.0,44,2
443,1049.7722,0,216.0,1049.7722,68.0,764.7721557617188,0.0,1.0,44,3
444,1049.7722,0,216.0,1049.7722,68.0,764.7721557617188,0.0,1.0,44,4
445,1049.7722,0,216.0,1049.7722,68.0,764.7721557617188,0.0,1.0,44,5
446,1049.7722,0,216.0,1049.7722,68.0,764.7721557617188,0.0,1.0,44,6
447,1049.7722,0,216.0,1049.7722,68.0,764.7721557617188,0.0,1.0,44,7
448,1049.7722,0,216.0,1049.7722,68.0,764.7721557617188,0.0,1.0,44,8
449,1049.7722,0,216.0,1049.7722,68.0,764.7721557617188,0.0,1.0,44,9
450,1000.7778,0,285.0,1000.7778,13.0,702.7777709960938,0.0,0.0,45,0
451,1000.7778,0,285.0,1000.7778,13.0,702.7777709960938,0.0,0.0,45,1
452,1000.7778,0,285.0,1000.7778,13.0,702.7777709960938,0.0,0.0,45,2
453,1000.7778,0,285.0,1000.7778,13.0,702.7777709960938,0.0,0.0,45,3
454,1000.7778,0,285.0,1000.7778,13.0,702.7777709960938,0.0,0.0,45,4
455,1000.7778,0,285.0,1000.7778,13.0,702.7777709960938,0.0,0.0,45,5
456,1000.7778,0,285.0,1000.7778,13.0,702.7777709960938,0.0,0.0,45,6
457,1000.7778,0,285.0,1000.7778,13.0,702.7777709960938,0.0,0.0,45,7
458,1000.7778,0,285.0,1000.7778,13.0,702.7777709960938,0.0,0.0,45,8
459,1000.7778,0,285.0,1000.7778,13.0,702.7777709960938,0.0,0.0,45,9
460,967.2923,0,257.0,967.2923,28.0,682.2922973632812,0.0,0.0,46,0
461,967.2923,0,257.0,967.2923,28.0,682.2922973632812,0.0,0.0,46,1
462,967.2923,0,257.0,967.2923,28.0,682.2922973632812,0.0,0.0,46,2
463,967.2923,0,257.0,967.2923,28.0,682.2922973632812,0.0,0.0,46,3
464,967.2923,0,257.0,967.2923,28.0,682.2922973632812,0.0,0.0,46,4
465,967.2923,0,257.0,967.2923,28.0,682.2922973632812,0.0,0.0,46,5
466,967.2923,0,257.0,967.2923,28.0,682.2922973632812,0.0,0.0,46,6
467,967.2923,0,257.0,967.2923,28.0,682.2922973632812,0.0,0.0,46,7
468,967.2923,0,257.0,967.2923,28.0,682.2922973632812,0.0,0.0,46,8
469,967.2923,0,257.0,967.2923,28.0,682.2922973632812,0.0,0.0,46,9
470,1165.0104,0,259.0,1165.0104,35.0,871.0103759765625,0.0,0.0,47,0
471,1165.0104,0,259.0,1165.0104,35.0,871.0103759765625,0.0,0.0,47,1
472,1165.0104,0,259.0,1165.0104,35.0,871.0103759765625,0.0,0.0,47,2
473,1165.0104,0,259.0,1165.0104,35.0,871.0103759765625,0.0,0.0,47,3
474,1165.0104,0,259.0,1165.0104,35.0,871.0103759765625,0.0,0.0,47,4
475,1165.0104,0,259.0,1165.0104,35.0,871.0103759765625,0.0,0.0,47,5
476,1165.0104,0,259.0,1165.0104,35.0,871.0103759765625,0.0,0.0,47,6
477,1165.0104,0,259.0,1165.0104,35.0,871.0103759765625,0.0,0.0,47,7
478,1165.0104,0,259.0,1165.0104,35.0,871.0103759765625,0.0,0.0,47,8
479,1165.0104,0,259.0,1165.0104,35.0,871.0103759765625,0.0,0.0,47,9
480,1047.6425,0,292.0,1047.6425,21.0,734.6424560546875,0.0,0.0,48,0
481,1047.6425,0,292.0,1047.6425,21.0,734.6424560546875,0.0,0.0,48,1
482,1047.6425,0,292.0,1047.6425,21.0,734.6424560546875,0.0,0.0,48,2
483,1047.6425,0,292.0,1047.6425,21.0,734.6424560546875,0.0,0.0,48,3
484,1047.6425,0,292.0,1047.6425,21.0,734.6424560546875,0.0,0.0,48,4
485,1047.6425,0,292.0,1047.6425,21.0,734.6424560546875,0.0,0.0,48,5
486,1047.6425,0,292.0,1047.6425,21.0,734.6424560546875,0.0,0.0,48,6
487,1047.6425,0,292.0,1047.6425,21.0,734.6424560546875,0.0,0.0,48,7
488,1047.6425,0,292.0,1047.6425,21.0,734.6424560546875,0.0,0.0,48,8
489,1047.6425,0,292.0,1047.6425,21.0,734.6424560546875,0.0,0.0,48,9
490,1216.6943,0,257.0,1216.6943,64.0,895.6942749023438,0.0,0.0,49,0
491,1216.6943,0,257.0,1216.6943,64.0,895.6942749023438,0.0,0.0,49,1
492,1216.6943,0,257.0,1216.6943,64.0,895.6942749023438,0.0,0.0,49,2
493,1216.6943,0,257.0,1216.6943,64.0,895.6942749023438,0.0,0.0,49,3
494,1216.6943,0,257.0,1216.6943,64.0,895.6942749023438,0.0,0.0,49,4
495,1216.6943,0,257.0,1216.6943,64.0,895.6942749023438,0.0,0.0,49,5
496,1216.6943,0,257.0,1216.6943,64.0,895.6942749023438,0.0,0.0,49,6
497,1216.6943,0,257.0,1216.6943,64.0,895.6942749023438,0.0,0.0,49,7
498,1216.6943,0,257.0,1216.6943,64.0,895.6942749023438,0.0,0.0,49,8
499,1216.6943,0,257.0,1216.6943,64.0,895.6942749023438,0.0,0.0,49,9
500,1168.19,0,221.0,1168.19,49.0,898.18994140625,0.0,0.0,50,0
501,1168.19,0,221.0,1168.19,49.0,898.18994140625,0.0,0.0,50,1
502,1168.19,0,221.0,1168.19,49.0,898.18994140625,0.0,0.0,50,2
503,1168.19,0,221.0,1168.19,49.0,898.18994140625,0.0,0.0,50,3
504,1168.19,0,221.0,1168.19,49.0,898.18994140625,0.0,0.0,50,4
505,1168.19,0,221.0,1168.19,49.0,898.18994140625,0.0,0.0,50,5
506,1168.19,0,221.0,1168.19,49.0,898.18994140625,0.0,0.0,50,6
507,1168.19,0,221.0,1168.19,49.0,898.18994140625,0.0,0.0,50,7
508,1168.19,0,221.0,1168.19,49.0,898.18994140625,0.0,0.0,50,8
509,1168.19,0,221.0,1168.19,49.0,898.18994140625,0.0,0.0,50,9
510,1089.2385,0,266.0,1089.2385,32.0,791.238525390625,0.0,0.0,51,0
511,1089.2385,0,266.0,1089.2385,32.0,791.238525390625,0.0,0.0,51,1
512,1089.2385,0,266.0,1089.2385,32.0,791.238525390625,0.0,0.0,51,2
513,1089.2385,0,266.0,1089.2385,32.0,791.238525390625,0.0,0.0,51,3
514,1089.2385,0,266.0,1089.2385,32.0,791.238525390625,0.0,0.0,51,4
515,1089.2385,0,266.0,1089.2385,32.0,791.238525390625,0.0,0.0,51,5
516,1089.2385,0,266.0,1089.2385,32.0,791.238525390625,0.0,0.0,51,6
517,1089.2385,0,266.0,1089.2385,32.0,791.238525390625,0.0,0.0,51,7
518,1089.2385,0,266.0,1089.2385,32.0,791.238525390625,0.0,0.0,51,8
519,1089.2385,0,266.0,1089.2385,32.0,791.238525390625,0.0,0.0,51,9
520,931.83997,0,210.0,931.83997,32.0,689.8399658203125,0.0,0.0,52,0
521,931.83997,0,210.0,931.83997,32.0,689.8399658203125,0.0,0.0,52,1
522,931.83997,0,210.0,931.83997,32.0,689.8399658203125,0.0,0.0,52,2
523,931.83997,0,210.0,931.83997,32.0,689.8399658203125,0.0,0.0,52,3
524,931.83997,0,210.0,931.83997,32.0,689.8399658203125,0.0,0.0,52,4
525,931.83997,0,210.0,931.83997,32.0,689.8399658203125,0.0,0.0,52,5
526,931.83997,0,210.0,931.83997,32.0,689.8399658203125,0.0,0.0,52,6
527,931.83997,0,210.0,931.83997,32.0,689.8399658203125,0.0,0.0,52,7
528,931.83997,0,210.0,931.83997,32.0,689.8399658203125,0.0,0.0,52,8
529,931.83997,0,210.0,931.83997,32.0,689.8399658203125,0.0,0.0,52,9
530,1116.3667,0,244.0,1116.3667,49.0,823.3667602539062,0.0,0.0,53,0
531,1116.3667,0,244.0,1116.3667,49.0,823.3667602539062,0.0,0.0,53,1
532,1116.3667,0,244.0,1116.3667,49.0,823.3667602539062,0.0,0.0,53,2
533,1116.3667,0,244.0,1116.3667,49.0,823.3667602539062,0.0,0.0,53,3
534,1116.3667,0,244.0,1116.3667,49.0,823.3667602539062,0.0,0.0,53,4
535,1116.3667,0,244.0,1116.3667,49.0,823.3667602539062,0.0,0.0,53,5
536,1116.3667,0,244.0,1116.3667,49.0,823.3667602539062,0.0,0.0,53,6
537,1116.3667,0,244.0,1116.3667,49.0,823.3667602539062,0.0,0.0,53,7
538,1116.3667,0,244.0,1116.3667,49.0,823.3667602539062,0.0,0.0,53,8
539,1116.3667,0,244.0,1116.3667,49.0,823.3667602539062,0.0,0.0,53,9
540,1116.1621,0,215.0,1116.1621,73.0,826.1620483398438,0.0,2.0,54,0
541,1116.1621,0,215.0,1116.1621,73.0,826.1620483398438,0.0,2.0,54,1
542,1116.1621,0,215.0,1116.1621,73.0,826.1620483398438,0.0,2.0,54,2
543,1116.1621,0,215.0,1116.1621,73.0,826.1620483398438,0.0,2.0,54,3
544,1116.1621,0,215.0,1116.1621,73.0,826.1620483398438,0.0,2.0,54,4
545,1116.1621,0,215.0,1116.1621,73.0,826.1620483398438,0.0,2.0,54,5
546,1116.1621,0,215.0,1116.1621,73.0,826.1620483398438,0.0,2.0,54,6
547,1116.1621,0,215.0,1116.1621,73.0,826.1620483398438,0.0,2.0,54,7
548,1116.1621,0,215.0,1116.1621,73.0,826.1620483398438,0.0,2.0,54,8
549,1116.1621,0,215.0,1116.1621,73.0,826.1620483398438,0.0,2.0,54,9
550,1038.5339,0,219.0,1038.5339,40.0,779.533935546875,0.0,0.0,55,0
551,1038.5339,0,219.0,1038.5339,40.0,779.533935546875,0.0,0.0,55,1
552,1038.5339,0,219.0,1038.5339,40.0,779.533935546875,0.0,0.0,55,2
553,1038.5339,0,219.0,1038.5339,40.0,779.533935546875,0.0,0.0,55,3
554,1038.5339,0,219.0,1038.5339,40.0,779.533935546875,0.0,0.0,55,4
555,1038.5339,0,219.0,1038.5339,40.0,779.533935546875,0.0,0.0,55,5
556,1038.5339,0,219.0,1038.5339,40.0,779.533935546875,0.0,0.0,55,6
557,1038.5339,0,219.0,1038.5339,40.0,779.533935546875,0.0,0.0,55,7
558,1038.5339,0,219.0,1038.5339,40.0,779.533935546875,0.0,0.0,55,8
559,1038.5339,0,219.0,1038.5339,40.0,779.533935546875,0.0,0.0,55,9
560,1256.026,0,229.0,1256.026,73.0,954.0260009765625,0.0,0.0,56,0
561,1256.026,0,229.0,1256.026,73.0,954.0260009765625,0.0,0.0,56,1
562,1256.026,0,229.0,1256.026,73.0,954.0260009765625,0.0,0.0,56,2
563,1256.026,0,229.0,1256.026,73.0,954.0260009765625,0.0,0.0,56,3
564,1256.026,0,229.0,1256.026,73.0,954.0260009765625,0.0,0.0,56,4
565,1256.026,0,229.0,1256.026,73.0,954.0260009765625,0.0,0.0,56,5
566,1256.026,0,229.0,1256.026,73.0,954.0260009765625,0.0,0.0,56,6
567,1256.026,0,229.0,1256.026,73.0,954.0260009765625,0.0,0.0,56,7
568,1256.026,0,229.0,1256.026,73.0,954.0260009765625,0.0,0.0,56,8
569,1256.026,0,229.0,1256.026,73.0,954.0260009765625,0.0,0.0,56,9
570,1060.9346,0,225.0,1060.9346,62.0,773.9345092773438,0.0,0.0,57,0
571,1060.9346,0,225.0,1060.9346,62.0,773.9345092773438,0.0,0.0,57,1
572,1060.9346,0,225.0,1060.9346,62.0,773.9345092773438,0.0,0.0,57,2
573,1060.9346,0,225.0,1060.9346,62.0,773.9345092773438,0.0,0.0,57,3
574,1060.9346,0,225.0,1060.9346,62.0,773.9345092773438,0.0,0.0,57,4
575,1060.9346,0,225.0,1060.9346,62.0,773.9345092773438,0.0,0.0,57,5
576,1060.9346,0,225.0,1060.9346,62.0,773.9345092773438,0.0,0.0,57,6
577,1060.9346,0,225.0,1060.9346,62.0,773.9345092773438,0.0,0.0,57,7
578,1060.9346,0,225.0,1060.9346,62.0,773.9345092773438,0.0,0.0,57,8
579,1060.9346,0,225.0,1060.9346,62.0,773.9345092773438,0.0,0.0,57,9
580,1142.7483,0,236.0,1142.7483,49.0,857.7482299804688,0.0,0.0,58,0
581,1142.7483,0,236.0,1142.7483,49.0,857.7482299804688,0.0,0.0,58,1
582,1142.7483,0,236.0,1142.7483,49.0,857.7482299804688,0.0,0.0,58,2
583,1142.7483,0,236.0,1142.7483,49.0,857.7482299804688,0.0,0.0,58,3
584,1142.7483,0,236.0,1142.7483,49.0,857.7482299804688,0.0,0.0,58,4
585,1142.7483,0,236.0,1142.7483,49.0,857.7482299804688,0.0,0.0,58,5
586,1142.7483,0,236.0,1142.7483,49.0,857.7482299804688,0.0,0.0,58,6
587,1142.7483,0,236.0,1142.7483,49.0,857.7482299804688,0.0,0.0,58,7
588,1142.7483,0,236.0,1142.7483,49.0,857.7482299804688,0.0,0.0,58,8
589,1142.7483,0,236.0,1142.7483,49.0,857.7482299804688,0.0,0.0,58,9
590,1153.156,0,224.0,1153.156,54.0,875.1559448242188,0.0,0.0,59,0
591,1153.156,0,224.0,1153.156,54.0,875.1559448242188,0.0,0.0,59,1
592,1153.156,0,224.0,1153.156,54.0,875.1559448242188,0.0,0.0,59,2
593,1153.156,0,224.0,1153.156,54.0,875.1559448242188,0.0,0.0,59,3
594,1153.156,0,224.0,1153.156,54.0,875.1559448242188,0.0,0.0,59,4
595,1153.156,0,224.0,1153.156,54.0,875.1559448242188,0.0,0.0,59,5
596,1153.156,0,224.0,1153.156,54.0,875.1559448242188,0.0,0.0,59,6
597,1153.156,0,224.0,1153.156,54.0,875.1559448242188,0.0,0.0,59,7
598,1153.156,0,224.0,1153.156,54.0,875.1559448242188,0.0,0.0,59,8
599,1153.156,0,224.0,1153.156,54.0,875.1559448242188,0.0,0.0,59,9
600,1051.2847,0,224.0,1051.2847,64.0,763.2847290039062,0.0,0.0,60,0
601,1051.2847,0,224.0,1051.2847,64.0,763.2847290039062,0.0,0.0,60,1
602,1051.2847,0,224.0,1051.2847,64.0,763.2847290039062,0.0,0.0,60,2
603,1051.2847,0,224.0,1051.2847,64.0,763.2847290039062,0.0,0.0,60,3
604,1051.2847,0,224.0,1051.2847,64.0,763.2847290039062,0.0,0.0,60,4
605,1051.2847,0,224.0,1051.2847,64.0,763.2847290039062,0.0,0.0,60,5
606,1051.2847,0,224.0,1051.2847,64.0,763.2847290039062,0.0,0.0,60,6
607,1051.2847,0,224.0,1051.2847,64.0,763.2847290039062,0.0,0.0,60,7
608,1051.2847,0,224.0,1051.2847,64.0,763.2847290039062,0.0,0.0,60,8
609,1051.2847,0,224.0,1051.2847,64.0,763.2847290039062,0.0,0.0,60,9
610,1032.7034,0,280.0,1032.7034,24.0,728.7034301757812,0.0,0.0,61,0
611,1032.7034,0,280.0,1032.7034,24.0,728.7034301757812,0.0,0.0,61,1
612,1032.7034,0,280.0,1032.7034,24.0,728.7034301757812,0.0,0.0,61,2
613,1032.7034,0,280.0,1032.7034,24.0,728.7034301757812,0.0,0.0,61,3
614,1032.7034,0,280.0,1032.7034,24.0,728.7034301757812,0.0,0.0,61,4
615,1032.7034,0,280.0,1032.7034,24.0,728.7034301757812,0.0,0.0,61,5
616,1032.7034,0,280.0,1032.7034,24.0,728.7034301757812,0.0,0.0,61,6
617,1032.7034,0,280.0,1032.7034,24.0,728.7034301757812,0.0,0.0,61,7
618,1032.7034,0,280.0,1032.7034,24.0,728.7034301757812,0.0,0.0,61,8
619,1032.7034,0,280.0,1032.7034,24.0,728.7034301757812,0.0,0.0,61,9
620,973.35626,0,190.0,973.35626,27.0,756.3562622070312,0.0,0.0,62,0
621,973.35626,0,190.0,973.35626,27.0,756.3562622070312,0.0,0.0,62,1
622,973.35626,0,190.0,973.35626,27.0,756.3562622070312,0.0,0.0,62,2
623,973.35626,0,190.0,973.35626,27.0,756.3562622070312,0.0,0.0,62,3
624,973.35626,0,190.0,973.35626,27.0,756.3562622070312,0.0,0.0,62,4
625,973.35626,0,190.0,973.35626,27.0,756.3562622070312,0.0,0.0,62,5
626,973.35626,0,190.0,973.35626,27.0,756.3562622070312,0.0,0.0,62,6
627,973.35626,0,190.0,973.35626,27.0,756.3562622070312,0.0,0.0,62,7
628,973.35626,0,190.0,973.35626,27.0,756.3562622070312,0.0,0.0,62,8
629,973.35626,0,190.0,973.35626,27.0,756.3562622070312,0.0,0.0,62,9
630,1077.2675,0,207.0,1077.2675,52.0,818.2674560546875,0.0,0.0,63,0
631,1077.2675,0,207.0,1077.2675,52.0,818.2674560546875,0.0,0.0,63,1
632,1077.2675,0,207.0,1077.2675,52.0,818.2674560546875,0.0,0.0,63,2
633,1077.2675,0,207.0,1077.2675,52.0,818.2674560546875,0.0,0.0,63,3
634,1077.2675,0,207.0,1077.2675,52.0,818.2674560546875,0.0,0.0,63,4
635,1077.2675,0,207.0,1077.2675,52.0,818.2674560546875,0.0,0.0,63,5
636,1077.2675,0,207.0,1077.2675,52.0,818.2674560546875,0.0,0.0,63,6
637,1077.2675,0,207.0,1077.2675,52.0,818.2674560546875,0.0,0.0,63,7
638,1077.2675,0,207.0,1077.2675,52.0,818.2674560546875,0.0,0.0,63,8
639,1077.2675,0,207.0,1077.2675,52.0,818.2674560546875,0.0,0.0,63,9
640,1036.6271,0,248.0,1036.6271,50.0,738.6270751953125,0.0,0.0,64,0
641,1036.6271,0,248.0,1036.6271,50.0,738.6270751953125,0.0,0.0,64,1
642,1036.6271,0,248.0,1036.6271,50.0,738.6270751953125,0.0,0.0,64,2
643,1036.6271,0,248.0,1036.6271,50.0,738.6270751953125,0.0,0.0,64,3
644,1036.6271,0,248.0,1036.6271,50.0,738.6270751953125,0.0,0.0,64,4
645,1036.6271,0,248.0,1036.6271,50.0,738.6270751953125,0.0,0.0,64,5
646,1036.6271,0,248.0,1036.6271,50.0,738.6270751953125,0.0,0.0,64,6
647,1036.6271,0,248.0,1036.6271,50.0,738.6270751953125,0.0,0.0,64,7
648,1036.6271,0,248.0,1036.6271,50.0,738.6270751953125,0.0,0.0,64,8
649,1036.6271,0,248.0,1036.6271,50.0,738.6270751953125,0.0,0.0,64,9
650,1139.1357,0,228.0,1139.1357,58.0,853.1356811523438,0.0,0.0,65,0
651,1139.1357,0,228.0,1139.1357,58.0,853.1356811523438,0.0,0.0,65,1
652,1139.1357,0,228.0,1139.1357,58.0,853.1356811523438,0.0,0.0,65,2
653,1139.1357,0,228.0,1139.1357,58.0,853.1356811523438,0.0,0.0,65,3
654,1139.1357,0,228.0,1139.1357,58.0,853.1356811523438,0.0,0.0,65,4
655,1139.1357,0,228.0,1139.1357,58.0,853.1356811523438,0.0,0.0,65,5
656,1139.1357,0,228.0,1139.1357,58.0,853.1356811523438,0.0,0.0,65,6
657,1139.1357,0,228.0,1139.1357,58.0,853.1356811523438,0.0,0.0,65,7
658,1139.1357,0,228.0,1139.1357,58.0,853.1356811523438,0.0,0.0,65,8
659,1139.1357,0,228.0,1139.1357,58.0,853.1356811523438,0.0,0.0,65,9
660,1056.8569,0,217.0,1056.8569,32.0,807.85693359375,0.0,0.0,66,0
661,1056.8569,0,217.0,1056.8569,32.0,807.85693359375,0.0,0.0,66,1
662,1056.8569,0,217.0,1056.8569,32.0,807.85693359375,0.0,0.0,66,2
663,1056.8569,0,217.0,1056.8569,32.0,807.85693359375,0.0,0.0,66,3
664,1056.8569,0,217.0,1056.8569,32.0,807.85693359375,0.0,0.0,66,4
665,1056.8569,0,217.0,1056.8569,32.0,807.85693359375,0.0,0.0,66,5
666,1056.8569,0,217.0,1056.8569,32.0,807.85693359375,0.0,0.0,66,6
667,1056.8569,0,217.0,1056.8569,32.0,807.85693359375,0.0,0.0,66,7
668,1056.8569,0,217.0,1056.8569,32.0,807.85693359375,0.0,0.0,66,8
669,1056.8569,0,217.0,1056.8569,32.0,807.85693359375,0.0,0.0,66,9
670,1132.0913,0,239.0,1132.0913,59.0,834.0913696289062,0.0,0.0,67,0
671,1132.0913,0,239.0,1132.0913,59.0,834.0913696289062,0.0,0.0,67,1
672,1132.0913,0,239.0,1132.0913,59.0,834.0913696289062,0.0,0.0,67,2
673,1132.0913,0,239.0,1132.0913,59.0,834.0913696289062,0.0,0.0,67,3
674,1132.0913,0,239.0,1132.0913,59.0,834.0913696289062,0.0,0.0,67,4
675,1132.0913,0,239.0,1132.0913,59.0,834.0913696289062,0.0,0.0,67,5
676,1132.0913,0,239.0,1132.0913,59.0,834.0913696289062,0.0,0.0,67,6
677,1132.0913,0,239.0,1132.0913,59.0,834.0913696289062,0.0,0.0,67,7
678,1132.0913,0,239.0,1132.0913,59.0,834.0913696289062,0.0,0.0,67,8
679,1132.0913,0,239.0,1132.0913,59.0,834.0913696289062,0.0,0.0,67,9
680,1015.4945,0,222.0,1015.4945,53.0,715.4945068359375,0.0,25.0,68,0
681,1015.4945,0,222.0,1015.4945,53.0,715.4945068359375,0.0,25.0,68,1
682,1015.4945,0,222.0,1015.4945,53.0,715.4945068359375,0.0,25.0,68,2
683,1015.4945,0,222.0,1015.4945,53.0,715.4945068359375,0.0,25.0,68,3
684,1015.4945,0,222.0,1015.4945,53.0,715.4945068359375,0.0,25.0,68,4
685,1015.4945,0,222.0,1015.4945,53.0,715.4945068359375,0.0,25.0,68,5
686,1015.4945,0,222.0,1015.4945,53.0,715.4945068359375,0.0,25.0,68,6
687,1015.4945,0,222.0,1015.4945,53.0,715.4945068359375,0.0,25.0,68,7
688,1015.4945,0,222.0,1015.4945,53.0,715.4945068359375,0.0,25.0,68,8
689,1015.4945,0,222.0,1015.4945,53.0,715.4945068359375,0.0,25.0,68,9
690,1079.636,0,265.0,1079.636,23.0,791.635986328125,0.0,0.0,69,0
691,1079.636,0,265.0,1079.636,23.0,791.635986328125,0.0,0.0,69,1
692,1079.636,0,265.0,1079.636,23.0,791.635986328125,0.0,0.0,69,2
693,1079.636,0,265.0,1079.636,23.0,791.635986328125,0.0,0.0,69,3
694,1079.636,0,265.0,1079.636,23.0,791.635986328125,0.0,0.0,69,4
695,1079.636,0,265.0,1079.636,23.0,791.635986328125,0.0,0.0,69,5
696,1079.636,0,265.0,1079.636,23.0,791.635986328125,0.0,0.0,69,6
697,1079.636,0,265.0,1079.636,23.0,791.635986328125,0.0,0.0,69,7
698,1079.636,0,265.0,1079.636,23.0,791.635986328125,0.0,0.0,69,8
699,1079.636,0,265.0,1079.636,23.0,791.635986328125,0.0,0.0,69,9
700,1112.3289,0,239.0,1112.3289,42.0,831.3287963867188,0.0,0.0,70,0
701,1112.3289,0,239.0,1112.3289,42.0,831.3287963867188,0.0,0.0,70,1
702,1112.3289,0,239.0,1112.3289,42.0,831.3287963867188,0.0,0.0,70,2
703,1112.3289,0,239.0,1112.3289,42.0,831.3287963867188,0.0,0.0,70,3
704,1112.3289,0,239.0,1112.3289,42.0,831.3287963867188,0.0,0.0,70,4
705,1112.3289,0,239.0,1112.3289,42.0,831.3287963867188,0.0,0.0,70,5
706,1112.3289,0,239.0,1112.3289,42.0,831.3287963867188,0.0,0.0,70,6
707,1112.3289,0,239.0,1112.3289,42.0,831.3287963867188,0.0,0.0,70,7
708,1112.3289,0,239.0,1112.3289,42.0,831.3287963867188,0.0,0.0,70,8
709,1112.3289,0,239.0,1112.3289,42.0,831.3287963867188,0.0,0.0,70,9
710,1135.3754,0,248.0,1135.3754,30.0,857.3753662109375,0.0,0.0,71,0
711,1135.3754,0,248.0,1135.3754,30.0,857.3753662109375,0.0,0.0,71,1
712,1135.3754,0,248.0,1135.3754,30.0,857.3753662109375,0.0,0.0,71,2
713,1135.3754,0,248.0,1135.3754,30.0,857.3753662109375,0.0,0.0,71,3
714,1135.3754,0,248.0,1135.3754,30.0,857.3753662109375,0.0,0.0,71,4
715,1135.3754,0,248.0,1135.3754,30.0,857.3753662109375,0.0,0.0,71,5
716,1135.3754,0,248.0,1135.3754,30.0,857.3753662109375,0.0,0.0,71,6
717,1135.3754,0,248.0,1135.3754,30.0,857.3753662109375,0.0,0.0,71,7
718,1135.3754,0,248.0,1135.3754,30.0,857.3753662109375,0.0,0.0,71,8
719,1135.3754,0,248.0,1135.3754,30.0,857.3753662109375,0.0,0.0,71,9
720,1031.5078,0,237.0,1031.5078,33.0,760.5078125,0.0,1.0,72,0
721,1031.5078,0,237.0,1031.5078,33.0,760.5078125,0.0,1.0,72,1
722,1031.5078,0,237.0,1031.5078,33.0,760.5078125,0.0,1.0,72,2
723,1031.5078,0,237.0,1031.5078,33.0,760.5078125,0.0,1.0,72,3
724,1031.5078,0,237.0,1031.5078,33.0,760.5078125,0.0,1.0,72,4
725,1031.5078,0,237.0,1031.5078,33.0,760.5078125,0.0,1.0,72,5
726,1031.5078,0,237.0,1031.5078,33.0,760.5078125,0.0,1.0,72,6
727,1031.5078,0,237.0,1031.5078,33.0,760.5078125,0.0,1.0,72,7
728,1031.5078,0,237.0,1031.5078,33.0,760.5078125,0.0,1.0,72,8
729,1031.5078,0,237.0,1031.5078,33.0,760.5078125,0.0,1.0,72,9
730,1057.5002,0,271.0,1057.5002,18.0,768.500244140625,0.0,0.0,73,0
731,1057.5002,0,271.0,1057.5002,18.0,768.500244140625,0.0,0.0,73,1
732,1057.5002,0,271.0,1057.5002,18.0,768.500244140625,0.0,0.0,73,2
733,1057.5002,0,271.0,1057.5002,18.0,768.500244140625,0.0,0.0,73,3
734,1057.5002,0,271.0,1057.5002,18.0,768.500244140625,0.0,0.0,73,4
735,1057.5002,0,271.0,1057.5002,18.0,768.500244140625,0.0,0.0,73,5
736,1057.5002,0,271.0,1057.5002,18.0,768.500244140625,0.0,0.0,73,6
737,1057.5002,0,271.0,1057.5002,18.0,768.500244140625,0.0,0.0,73,7
738,1057.5002,0,271.0,1057.5002,18.0,768.500244140625,0.0,0.0,73,8
739,1057.5002,0,271.0,1057.5002,18.0,768.500244140625,0.0,0.0,73,9
740,1142.0999,0,206.0,1142.0999,77.0,859.099853515625,0.0,0.0,74,0
741,1142.0999,0,206.0,1142.0999,77.0,859.099853515625,0.0,0.0,74,1
742,1142.0999,0,206.0,1142.0999,77.0,859.099853515625,0.0,0.0,74,2
743,1142.0999,0,206.0,1142.0999,77.0,859.099853515625,0.0,0.0,74,3
744,1142.0999,0,206.0,1142.0999,77.0,859.099853515625,0.0,0.0,74,4
745,1142.0999,0,206.0,1142.0999,77.0,859.099853515625,0.0,0.0,74,5
746,1142.0999,0,206.0,1142.0999,77.0,859.099853515625,0.0,0.0,74,6
747,1142.0999,0,206.0,1142.0999,77.0,859.099853515625,0.0,0.0,74,7
748,1142.0999,0,206.0,1142.0999,77.0,859.099853515625,0.0,0.0,74,8
749,1142.0999,0,206.0,1142.0999,77.0,859.099853515625,0.0,0.0,74,9
750,1153.77,0,258.0,1153.77,49.0,846.77001953125,0.0,0.0,75,0
751,1153.77,0,258.0,1153.77,49.0,846.77001953125,0.0,0.0,75,1
752,1153.77,0,258.0,1153.77,49.0,846.77001953125,0.0,0.0,75,2
753,1153.77,0,258.0,1153.77,49.0,846.77001953125,0.0,0.0,75,3
754,1153.77,0,258.0,1153.77,49.0,846.77001953125,0.0,0.0,75,4
755,1153.77,0,258.0,1153.77,49.0,846.77001953125,0.0,0.0,75,5
756,1153.77,0,258.0,1153.77,49.0,846.77001953125,0.0,0.0,75,6
757,1153.77,0,258.0,1153.77,49.0,846.77001953125,0.0,0.0,75,7
758,1153.77,0,258.0,1153.77,49.0,846.77001953125,0.0,0.0,75,8
759,1153.77,0,258.0,1153.77,49.0,846.77001953125,0.0,0.0,75,9
760,1129.172,0,277.0,1129.172,37.0,815.1719970703125,0.0,0.0,76,0
761,1129.172,0,277.0,1129.172,37.0,815.1719970703125,0.0,0.0,76,1
762,1129.172,0,277.0,1129.172,37.0,815.1719970703125,0.0,0.0,76,2
763,1129.172,0,277.0,1129.172,37.0,815.1719970703125,0.0,0.0,76,3
764,1129.172,0,277.0,1129.172,37.0,815.1719970703125,0.0,0.0,76,4
765,1129.172,0,277.0,1129.172,37.0,815.1719970703125,0.0,0.0,76,5
766,1129.172,0,277.0,1129.172,37.0,815.1719970703125,0.0,0.0,76,6
767,1129.172,0,277.0,1129.172,37.0,815.1719970703125,0.0,0.0,76,7
768,1129.172,0,277.0,1129.172,37.0,815.1719970703125,0.0,0.0,76,8
769,1129.172,0,277.0,1129.172,37.0,815.1719970703125,0.0,0.0,76,9
770,1043.1826,0,249.0,1043.1826,39.0,755.1826171875,0.0,0.0,77,0
771,1043.1826,0,249.0,1043.1826,39.0,755.1826171875,0.0,0.0,77,1
772,1043.1826,0,249.0,1043.1826,39.0,755.1826171875,0.0,0.0,77,2
773,1043.1826,0,249.0,1043.1826,39.0,755.1826171875,0.0,0.0,77,3
774,1043.1826,0,249.0,1043.1826,39.0,755.1826171875,0.0,0.0,77,4
775,1043.1826,0,249.0,1043.1826,39.0,755.1826171875,0.0,0.0,77,5
776,1043.1826,0,249.0,1043.1826,39.0,755.1826171875,0.0,0.0,77,6
777,1043.1826,0,249.0,1043.1826,39.0,755.1826171875,0.0,0.0,77,7
778,1043.1826,0,249.0,1043.1826,39.0,755.1826171875,0.0,0.0,77,8
779,1043.1826,0,249.0,1043.1826,39.0,755.1826171875,0.0,0.0,77,9
780,1114.1162,0,254.0,1114.1162,51.0,809.1161499023438,0.0,0.0,78,0
781,1114.1162,0,254.0,1114.1162,51.0,809.1161499023438,0.0,0.0,78,1
782,1114.1162,0,254.0,1114.1162,51.0,809.1161499023438,0.0,0.0,78,2
783,1114.1162,0,254.0,1114.1162,51.0,809.1161499023438,0.0,0.0,78,3
784,1114.1162,0,254.0,1114.1162,51.0,809.1161499023438,0.0,0.0,78,4
785,1114.1162,0,254.0,1114.1162,51.0,809.1161499023438,0.0,0.0,78,5
786,1114.1162,0,254.0,1114.1162,51.0,809.1161499023438,0.0,0.0,78,6
787,1114.1162,0,254.0,1114.1162,51.0,809.1161499023438,0.0,0.0,78,7
788,1114.1162,0,254.0,1114.1162,51.0,809.1161499023438,0.0,0.0,78,8
789,1114.1162,0,254.0,1114.1162,51.0,809.1161499023438,0.0,0.0,78,9
790,1261.699,0,239.0,1261.699,50.0,972.698974609375,0.0,0.0,79,0
791,1261.699,0,239.0,1261.699,50.0,972.698974609375,0.0,0.0,79,1
792,1261.699,0,239.0,1261.699,50.0,972.698974609375,0.0,0.0,79,2
793,1261.699,0,239.0,1261.699,50.0,972.698974609375,0.0,0.0,79,3
794,1261.699,0,239.0,1261.699,50.0,972.698974609375,0.0,0.0,79,4
795,1261.699,0,239.0,1261.699,50.0,972.698974609375,0.0,0.0,79,5
796,1261.699,0,239.0,1261.699,50.0,972.698974609375,0.0,0.0,79,6
797,1261.699,0,239.0,1261.699,50.0,972.698974609375,0.0,0.0,79,7
798,1261.699,0,239.0,1261.699,50.0,972.698974609375,0.0,0.0,79,8
799,1261.699,0,239.0,1261.699,50.0,972.698974609375,0.0,0.0,79,9
